"ID","link"
"p9k7a","https://github.students.cs.ubc.ca/junxua01/Demo.git"
"w2b8p","https://youtu.be/fXaz2pVJk_E"
"E1822","https://youtu.be/E1822H6oG7w"
"j677e","https://www.dropbox.com/s/j677e6ovprtwx7z/2021-04-09%2013-48-11.mp4?dl=0"
"e6u4d","https://www.dropbox.com/s/ej9y4wt7xcasmip/Sticky%20note%20app%20demo.mov?dl=0"
"h5l3b","https://youtu.be/mwCozdK9JLo"
"o2m1v","https://github.students.cs.ubc.ca/bchu01/project-video"
"09N60","https://www.youtube.com/watch?v=9oM09N60sUQ&ab_channel=NeilLi"
"r1z9b","https://youtu.be/jlIy7WerCuQ"
"j7e0f","https://youtu.be/Wv8uJOPDKGg"
"g4f3h","https://www.dropbox.com/s/c5iwupfn9xio1f3/cpsc210-project-demo.mov?dl=0"
"e9a34","https://www.loom.com/share/18dc5be9a34744e28dac316f2a376984"
"n7a2f","https://www.dropbox.com/s/k11elnadf9tsm34/Movie%20Theatre%20Demo.mov?dl=0"
"k876T","https://youtu.be/9LUKk876Td0"
"j3o1b","https://www.youtube.com/watch?v=qff8maVChgc"
"e2m4g","https://www.dropbox.com/s/zk4ne2m4gjlwm79/Demo.mp4?dl=0"
"v1b0t","https://youtu.be/LUQsmEuCc8s"
"d1z4v","https://youtu.be/2T2XelUjuJA"
"z7v8j","https://youtu.be/OEDAaxBJ3F0"
"g8p3n","https://youtu.be/jATGjyOtudw"
"s1j2u","https://youtu.be/rFrqINvC5j4"
"z7u4f","https://www.youtube.com/watch?v=aCqS1ebqGmg"
"m3c2y","https://www.youtube.com/watch?v=OcKDI83vOPs"
